"","x"
"1","Jokes and Riddles"
"2","Dream"
"3","The other woman"
"4","Single"
"5","Lesbian"
"6","Confession"
"7","Answer any question"
"8","Poetry"
"9","Sexless marriage"
"10","Anxiety"
"11","Curious"
"12","Random Thoughts"
"13","Movies"
"14","Human Behavior"
"15","Think too much"
"16","Make friends"
"17","Depression"
"18","Need talk"
"19","Music"
"20","Bored"
"21","Good quote"
"22","Good quote"
"23","Ten word story"
"24","Lonely"
"25","Depressed"
"26","God"
"27","Affair"
"28","Lyrics"
"29","Song"
"30","Pictures"
"31","Christian"
"32","Military girlfriend"
"33","Love didn't love me"
"34","Weird humor"
"35","Cut myself"
"36","Am I attractive"
"37","Writing"
"38","New member"
"39","Depression and loneliness"
"40","Lose weight"
"41","Photography"
"42","Atheist"
"43","Bisextual"
"44","Anything you ask"
"45","Quotes"
"46","Kik-messenger"
"47","Gamer"
"48","Gay"
"49","Workplace mobbing"
"50","Limericks"
